hit_type,company_name,country,zip_code,city,federal_state,website,booth,profile_url,email,phone,category
Exhibitor,A.Optical components Ltd,Israel,5881622,Holon,,https://www.a-optical.com,Hall 3.0 - Stand 312,https://www.optatec-messe.de/en/Exhibitor-Index/73406-a-optical-components-ltd,ronit@a-optical.com,+972 544949730,A.Optical components Ltd
Exhibitor,"Accuray Photontech, Ltd.",China,350108,FUZHOU,,https://www.accuray-oe.com,Hall 3.0 - Stand 218,https://www.optatec-messe.de/en/Exhibitor-Index/98858-accuray-photontech--ltd,steve.huang@accuray-oe.com,+8659138267293,Optical components
Exhibitor,Advanced Microoptic Systems GmbH,Germany,66113,Saarbrücken,,https://www.amus.de,Hall 3.0 - Stand 613,https://www.optatec-messe.de/en/Exhibitor-Index/80836-advanced-microoptic-systems-gmbh,leleko@amus.de,+49 681 40000-30,Optical components
Exhibitor,AGC Plasma Technology Solutions,Belgium,1348,Louvain-la-Neuve,,https://www.agc-plasma.com,Hall 3.0 - Stand 118,https://www.optatec-messe.de/en/Exhibitor-Index/93872-agc-plasma-technology-solutions,jeroen.schotsaert@agc.com,+32 499 993 009,"Manufacturing systems, Optical components"
Exhibitor,American Photonics,USA,34243,Sarasota,,https://www.americanphotonics.com,Hall 3.0 - Stand 307-9,https://www.optatec-messe.de/en/Exhibitor-Index/99726-american-photonics,sales@americanphotonics.com,+1 941 752 5811,American Photonics
Exhibitor,AMETEK Germany GmbH,Deutschland,64331,Weiterstadt,,,Hall 3.0 - Stand 502,,,,
Exhibitor,AMETEK GmbH,Deutschland,64331,Weiterstadt,,,Hall 3.0 - Stand 502,,,,
Exhibitor,AMETEK GmbH,Deutschland,40670,Meerbusch,,,Hall 3.0 - Stand 502,,,,
Exhibitor,Argotech,Czech Republic,54101,Trutnov,,http://www.argotech.cz,Hall 3.0 - Stand 602,https://www.optatec-messe.de/en/Exhibitor-Index/56980-argotech,info@argotech.cz,+420 778 437 750,Argotech
Exhibitor,BAOTOU HAORUI RARE EARTHS CO LTD,China,014060,Baotou,,https://www.haoruixitu.com/,Hall 3.0 - Stand 203,https://www.optatec-messe.de/en/Exhibitor-Index/100318-baotou-haorui-rare-earths-co-ltd,xueqing.yang@haoruixitu.com,+86-0472-7902011,BAOTOU HAORUI RARE EARTHS CO LTD
Exhibitor,"Beijing Fly International Fairs Co.,Ltd.",China,100024,Beijing,,https://www.flyexpo.com.cn,Hall 3.0 - Stand 103,https://www.optatec-messe.de/en/Exhibitor-Index/89448-beijing-fly-international-fairs-co--ltd,lilychen@flyexpo.com.cn,+86 10 52591546,"Beijing Fly International Fairs Co.,Ltd."
Exhibitor,"Beijing Fly International Fairs Co.,Ltd.",China,100024,Beijing,,https://www.flyexpo.com.cn,Hall 3.0 - Stand 103,https://www.optatec-messe.de/en/Exhibitor-Index/89448-beijing-fly-international-fairs-co--ltd,lilychen@flyexpo.com.cn,+86 10 52591546,"Beijing Fly International Fairs Co.,Ltd."
Exhibitor,"Beijing Fly International Fairs Co.,Ltd.",China,100024,Beijing,,https://www.flyexpo.com.cn,Hall 3.0 - Stand 103,https://www.optatec-messe.de/en/Exhibitor-Index/89448-beijing-fly-international-fairs-co--ltd,lilychen@flyexpo.com.cn,+86 10 52591546,"Beijing Fly International Fairs Co.,Ltd."
Exhibitor,"Beijing Fly International Fairs Co.,Ltd.",China,100024,Beijing,,https://www.flyexpo.com.cn,Hall 3.0 - Stand 103,https://www.optatec-messe.de/en/Exhibitor-Index/89448-beijing-fly-international-fairs-co--ltd,lilychen@flyexpo.com.cn,+86 10 52591546,"Beijing Fly International Fairs Co.,Ltd."
Exhibitor,"Beijing Fly International Fairs Co.,Ltd.",China,100024,Beijing,,https://www.flyexpo.com.cn,Hall 3.0 - Stand 103,https://www.optatec-messe.de/en/Exhibitor-Index/89448-beijing-fly-international-fairs-co--ltd,lilychen@flyexpo.com.cn,+86 10 52591546,"Beijing Fly International Fairs Co.,Ltd."
Exhibitor,"Beijing Fly International Fairs Co.,Ltd.",China,100024,Beijing,,https://www.flyexpo.com.cn,Hall 3.0 - Stand 103,https://www.optatec-messe.de/en/Exhibitor-Index/89448-beijing-fly-international-fairs-co--ltd,lilychen@flyexpo.com.cn,+86 10 52591546,"Beijing Fly International Fairs Co.,Ltd."
Exhibitor,"Beijing Fly International Fairs Co.,Ltd.",China,100024,Beijing,,https://www.flyexpo.com.cn,Hall 3.0 - Stand 103,https://www.optatec-messe.de/en/Exhibitor-Index/89448-beijing-fly-international-fairs-co--ltd,lilychen@flyexpo.com.cn,+86 10 52591546,"Beijing Fly International Fairs Co.,Ltd."
Exhibitor,Bilz Vibration Technology AG,Germany,71229,Leonberg,,https://www.bilz.ag,Hall 3.0 - Stand 211,https://www.optatec-messe.de/en/Exhibitor-Index/96438-bilz-vibration-technology-ag,info@bilz.ag,+49 7152 3091-0,Bilz Vibration Technology AG
Exhibitor,BLF Optik Teknoloji San. A.S.,Turkiye,16285,Bursa,,https://www.blfoptik.com,Hall 3.0 - Stand 514,https://www.optatec-messe.de/en/Exhibitor-Index/98582-blf-optik-teknoloji-san--a-s,info@blfoptik.com,+902244428460,Optical components
Exhibitor,BlueLink Industrial Trading GmbH,Germany,52070,Aachen,,https://www.bluelink-tech.com,Hall 3.0 - Stand 111,https://www.optatec-messe.de/en/Exhibitor-Index/99916-bluelink-industrial-trading-gmbh,info@bluelink-tech.com,+49 152 04103652,BlueLink Industrial Trading GmbH
Exhibitor,BlueLink Industrial Trading GmbH,Germany,52070,Aachen,,https://www.bluelink-tech.com,Hall 3.0 - Stand 111,https://www.optatec-messe.de/en/Exhibitor-Index/99916-bluelink-industrial-trading-gmbh,info@bluelink-tech.com,+49 152 04103652,BlueLink Industrial Trading GmbH
Exhibitor,BlueTube Technology,Germany,37073,Göttingen,,https://www.bluetube-technology.com,Hall 3.0 - Stand 306-3,https://www.optatec-messe.de/en/Exhibitor-Index/99934-bluetube-technology,S.Lamrini@bluetube-technology.com,+49 1628480008,"Fibre optics / light guides, Manufacturing systems, Optical components"
Exhibitor,"Boxin Photoelectric Co., Ltd.",Canada,L4B3G2,Richmond Hill,,https://www.bxoptic.com,Hall 3.0 - Stand 310,https://www.optatec-messe.de/en/Exhibitor-Index/81920-boxin-photoelectric-co---ltd,cherry.lee@bxoptic.com,+1 905 604 2805/ 416 904 8699,Optical components
Exhibitor,Bühler Alzenau GmbH,Germany,63755,Alzenau,,https://www.buhlergroup.com/leyboldoptics,Hall 3.0 - Stand 508,https://www.optatec-messe.de/en/Exhibitor-Index/98022-buehler-alzenau-gmbh,leyboldoptics@buhlergroup.com,+4960235000,"Manufacturing systems, Optical components"
Exhibitor,CADFEM Germany GmbH,Germany,85567,Grafing b. München,,https://www.cadfem.de,Hall 3.0 - Stand 707,https://www.optatec-messe.de/en/Exhibitor-Index/84934-cadfem-germany-gmbh,info@cadfem.de,+49 8092 7005-0,CADFEM Germany GmbH
Exhibitor,Carl Zeiss Spectroscopy GmbH,Germany,07745,Jena,,https://www.zeiss.com/spectroscopy,Hall 3.0 - Stand 303,https://www.optatec-messe.de/en/Exhibitor-Index/81270-carl-zeiss-spectroscopy-gmbh,info.spectroscopy@zeiss.com,+49 3641 64 2838,Optical components
Exhibitor,"CASIX, Inc.",China,350014,Fujian,,https://www.casix.com,Hall 3.0 - Stand 404,https://www.optatec-messe.de/en/Exhibitor-Index/80848-casix--inc,sales@casix.com,+86 591 83610148,Optical components
Exhibitor,CASTECH Inc.,China,350003,Fuzhou Fujian,,,Hall 3.0 - Stand 108,,,,
Exhibitor,CC UPOB e.V.- Nanotechnologie,Deutschland,38116,Braunschweig,,,Hall 3.0 - Stand 503,,,,
Exhibitor,"Changchun Fenghua Technology Co., Ltd",China,130000,Changchun,,https://www.changchunfenghua.com,Hall 3.0 - Stand 708,https://www.optatec-messe.de/en/Exhibitor-Index/99216-changchun-fenghua-technology-co---ltd,13911528364@163.com,+86 13911528364,"Optical components, Optomechanics / optoelectronics"
Exhibitor,"Changchun Glitter Optics Co., ltd",China,130102,Jilin,,https://www.glitteroptic.com,Hall 3.0 - Stand 417,https://www.optatec-messe.de/en/Exhibitor-Index/97714-changchun-glitter-optics-co---ltd,13911528364@163.com,+13911528364,Optical components
Exhibitor,CHANGCHUN JIHENG OPTICS CO. LTD,China,130000,Changchun,,http://www.jhoptics.com/,Hall 3.0 - Stand 517-1,https://www.optatec-messe.de/en/Exhibitor-Index/99212-changchun-jiheng-optics-co--ltd,13911528364@163.com,+86 13911528364,Optical components
Exhibitor,"Changchun Jinggong Optical Materials Co., Ltd",China,130000,Changchun,,https://www.sinoopt.com,Hall 3.0 - Stand 715,https://www.optatec-messe.de/en/Exhibitor-Index/99218-changchun-jinggong-optical-materials-co---ltd,13911528364@163.com,+86 13911528364,Optical components
Exhibitor,Changchun Shengxi Optoelectronics Technology,China,130102,"Changchun, Jilin Province",,https://ccsx-optics.cn/,Hall 3.0 - Stand 518,https://www.optatec-messe.de/en/Exhibitor-Index/99948-changchun-shengxi-optoelectronics-technology,salesengineer4@sx-optics.cn,0086 16689726616,Optical components
Exhibitor,"Changchun Yidexun Optoelectronics Co., Ltd.",China,130000,Changchun,,https://www.ydxoptics.com,Hall 3.0 - Stand 132,https://www.optatec-messe.de/en/Exhibitor-Index/100198-changchun-yidexun-optoelectronics-co---ltd,takukenn@ydxoptics.com,13944061462,"Changchun Yidexun Optoelectronics Co., Ltd."
Exhibitor,"Changsha AFiSy Technologies Co., Ltd.",China,410005,CHANGSHA,,https://www.afisy.net,Hall 3.0 - Stand 203,https://www.optatec-messe.de/en/Exhibitor-Index/100258-changsha-afisy-technologies-co---ltd,zhou@mail.afisy.com,+86 1897 4994399,"Changsha AFiSy Technologies Co., Ltd."
Exhibitor,Chengdu JUKA Optical Components Manufacture,China,611830,Chengdu,,https://www.oplens.com,Hall 3.0 - Stand 415,https://www.optatec-messe.de/en/Exhibitor-Index/98506-chengdu-juka-optical-components-manufacture,marketing@oplens.com,+86 19115968827,Optical components
Exhibitor,China & South Optical Crystal Company,China,212142,Zhenjiang,,https://,Hall 3.0 - Stand 307-6,https://www.optatec-messe.de/en/Exhibitor-Index/99024-china-%2526-south-optical-crystal-company,sales@sapphires.com.cn,+86 13805284305,Optical components
Exhibitor,"China Germanium Co.,Ltd.",China,211200,"NANJING,Jiangsu",,https://www.cnge.com.cn,Hall 3.0 - Stand 518,https://www.optatec-messe.de/en/Exhibitor-Index/99430-china-germanium-co--ltd,cnge.sys@cnge.com.cn,0086 25 56209572,Optical components
Exhibitor,"China Star Optics Technology Co.,Ltd.",China,130000,Changchun,,https://www.csopt.com,Hall 3.0 - Stand 510,https://www.optatec-messe.de/en/Exhibitor-Index/88102-china-star-optics-technology-co--ltd,export@csopt.com,+86-431-81905988,"China Star Optics Technology Co.,Ltd."
Exhibitor,"Chongqing Shicheng Zhiguang Optics Co.,Ltd.",China,402460,Chongqing,,https://,Hall 3.0 - Stand 614,https://www.optatec-messe.de/en/Exhibitor-Index/97476-chongqing-shicheng-zhiguang-optics-co--ltd,15111908361@163.com,+86 15111908361,Optical components
Exhibitor,"CLZ Optical Co., Ltd.",China,130013,Changchun,,https://www.clzoptics.com,Hall 3.0 - Stand 206,https://www.optatec-messe.de/en/Exhibitor-Index/87898-clz-optical-co---ltd,royan.ly@clzoptics.com,+86 18186880270,"CLZ Optical Co., Ltd."
Exhibitor,"ColorLink Japan, Ltd",Japan,9430882,Joetsu,,https://www.colorlink.co.jp/,Hall 3.0 - Stand 130,https://www.optatec-messe.de/en/Exhibitor-Index/99070-colorlink-japan--ltd,t-komatsu@colorlink.co.jp,+81 25 524 1243,Optical components
Exhibitor,Corning GmbH,Deutschland,65189,Wiesbaden,,,Hall 3.0 - Stand 215,,,,
Exhibitor,"CPG Optics, Inc.",USA,95054,Santa Clara,,https://www.cpgoptics.com,Hall 3.0 - Stand 309,https://www.optatec-messe.de/en/Exhibitor-Index/98954-cpg-optics--inc,bcui@cpgoptics.com,+1 408 981 3861,"CPG Optics, Inc."
Exhibitor,"CRYLIGHT Photonics,Inc.",China,350108,Fuzhou Fujian,,https://www.crylight.com,Hall 3.0 - Stand 112,https://www.optatec-messe.de/en/Exhibitor-Index/82998-crylight-photonics-inc,sales@crylight.com,+86 591 83772101,"Laser components, Optical components"
Exhibitor,Cryslaser Inc.,China,611731,Chengdu,,https://www.cryslaser.com,Hall 3.0 - Stand 122,https://www.optatec-messe.de/en/Exhibitor-Index/81312-cryslaser-inc,sales@cryslaser.com,+86 28 60232186,"Laser components, Optical components"
Exhibitor,CTL Photonics Inc.,China,350108,Fuzhou,,https://www.ctlphotonics.net,Hall 3.0 - Stand 132,https://www.optatec-messe.de/en/Exhibitor-Index/100112-ctl-photonics-inc,1360354615@qq.com,+86 15364920838,CTL Photonics Inc.
Exhibitor,Curvature LLC,Netherlands,1060 LG,Amsterdam,,https://www.curvature.com/,Hall 3.0 - Stand 204,https://www.optatec-messe.de/en/Exhibitor-Index/97522-curvature-llc,curvature_connect@parkplacetech.com,+31 (20) 241 0699,"Fibre optics / light guides, Optical components"
Exhibitor,dama technologies ag,Switzerland,9308,Lömmenschwil,,https://www.dama.ch,Hall 3.0 - Stand 411,https://www.optatec-messe.de/en/Exhibitor-Index/47444-dama-technologies-ag,info@dama.ch,+41 71 9883420,Manufacturing systems
Exhibitor,Danyang Danyao Optics Co. Ltd.,China,212325,"Danyang City, Jiangsu Province",,https://www.ddoptics.com,Hall 3.0 - Stand 608,https://www.optatec-messe.de/en/Exhibitor-Index/84202-danyang-danyao-optics-co--ltd,ddowenlan.yu@ddoptics.com,+86 511 86693695,Danyang Danyao Optics Co. Ltd.
Exhibitor,DEC INC,China,215211,SUZHOU,,https://www.decinc.biz,Hall 3.0 - Stand 418,https://www.optatec-messe.de/en/Exhibitor-Index/100268-dec-inc,jerry.li@decinc.biz,+86 512-82876556-8026,DEC INC
Exhibitor,DIATEC,Deutschland,75177,Pforzheim,,,Hall 3.0 - Stand 104,,,,
Exhibitor,"Dingming Optical Technology Co., Ltd.",China,518000,"Shenzhen,Guangdong",,https://,Hall 3.0 - Stand 124,https://www.optatec-messe.de/en/Exhibitor-Index/96822-dingming-optical-technology-co---ltd,zhaochong@ciec.com.cn,+86 379 62110001,"Dingming Optical Technology Co., Ltd."
Exhibitor,"Dingming Optical Technology Co., Ltd.",China,518000,"Shenzhen,Guangdong",,https://,Hall 3.0 - Stand 124,https://www.optatec-messe.de/en/Exhibitor-Index/96822-dingming-optical-technology-co---ltd,zhaochong@ciec.com.cn,+86 379 62110001,"Dingming Optical Technology Co., Ltd."
Exhibitor,DIOPTIC GmbH,Germany,69469,Weinheim,,https://www.dioptic.de,Hall 3.0 - Stand 503,https://www.optatec-messe.de/en/Exhibitor-Index/99332-dioptic-gmbh,info@dioptic.de,+49 6201 96090-00,"Fibre optics / light guides, Optical components, Optomechanics / optoelectronics"
Exhibitor,DMG MORI Ultrasonic Lasertec,Germany,55758,Stipshausen,,https://www.dmgmori.com,Hall 3.0 - Stand 406,https://www.optatec-messe.de/en/Exhibitor-Index/99486-dmg-mori-ultrasonic-lasertec,info@dmgmori.com,+49 6544 99 19 9 0,Manufacturing systems
Exhibitor,"Dongguan Senyong Precision Abrasive Co.,Ltd",China,518000,Shenzhen，Guangdong,,https://www.dgsenyong.com,Hall 3.0 - Stand 202,https://www.optatec-messe.de/en/Exhibitor-Index/99558-dongguan-senyong-precision-abrasive-co--ltd,coop@leaders-expo.com,+86 755 83869400,"Dongguan Senyong Precision Abrasive Co.,Ltd"
Exhibitor,Dopa GmbH,Germany,13057,Berlin,,https://www.dopa-diatools.com,Hall 3.0 - Stand 302-1,https://www.optatec-messe.de/en/Exhibitor-Index/45352-dopa-gmbh,info@dopa-diatools.com,+49 30 585842800,"Laser components, Manufacturing systems, Optical components"
Exhibitor,Duma Optronics Ltd,Israel,3675018,Nesher,,https://www.dumaoptronics.com,Hall 3.0 - Stand 702,https://www.optatec-messe.de/en/Exhibitor-Index/84510-duma-optronics-ltd,sales@duma.co.il,+972 4 8200577,"Optical components, Optomechanics / optoelectronics"
Exhibitor,DXS OPTICS LTD.,China,518110,Shenzhen,,https://www.dxs-gx.com/en,Hall 3.0 - Stand 205,https://www.optatec-messe.de/en/Exhibitor-Index/88420-dxs-optics-ltd,1324557576@qq.com,+86 755 26775558,DXS OPTICS LTD.
Exhibitor,Ecoclean GmbH,Germany,70794,Filderstadt,,https://www.ecoclean-group.net,Hall 3.0 - Stand 403,https://www.optatec-messe.de/en/Exhibitor-Index/44126-ecoclean-gmbh,info.filderstadt@ecoclean-group.net,+49 711 70060,Manufacturing systems
Exhibitor,ECOPTIK(CHINA) LTD,China,130103,Changchun,,https://www.ecoptik.net/,Hall 3.0 - Stand 611,https://www.optatec-messe.de/en/Exhibitor-Index/99498-ecoptik%2528china%2529-ltd,info@ecoptik.net,+86 431 89180668,ECOPTIK(CHINA) LTD
Exhibitor,EKSMA Optics,Lithuania,LT-10233,Vilnius,,https://www.eksmaoptics.com,Hall 3.0 - Stand 307-3,https://www.optatec-messe.de/en/Exhibitor-Index/80838-eksma-optics,info@eksmaoptics.com,+370 5272 9900,"Laser components, Optical components"
Exhibitor,Europa Science,United Kingdom,CB4 0WS,Cambridge,,https://www.europascience.com/,Hall 3.0 - Stand 210-1,https://www.optatec-messe.de/en/Exhibitor-Index/98614-europa-science,rachel.marston@europascience.com,+44 1223 221030,Europa Science
Exhibitor,Evatec Europe GmbH,Germany,85609,Aschheim,,https://www.evatecnet.com,Hall 3.0 - Stand 515,https://www.optatec-messe.de/en/Exhibitor-Index/66926-evatec-europe-gmbh,info@evatecnet.com,+49 89 7550 5100,Evatec Europe GmbH
Exhibitor,Everix Optical Filters,USA,32765,"Oviedo, FL",,https://www.everixopticalfilters.com,Hall 3.0 - Stand 220,https://www.optatec-messe.de/en/Exhibitor-Index/99132-everix-optical-filters,marcom@everix.co,+14076372987,Everix Optical Filters
Exhibitor,EVOCHEM Advanced Materials GmbH,Germany,63073,Offenbach am Main,,https://www.evo-chem.de,Hall 3.0 - Stand 504,https://www.optatec-messe.de/en/Exhibitor-Index/58206-evochem-advanced-materials-gmbh,info@evo-chem.de,+49 69 9864604-0,"Manufacturing systems, Optical components"
Exhibitor,Exosens,France,33700,Mérignac,,https://www.exosens.com,Hall 3.0 - Stand 302,https://www.optatec-messe.de/en/Exhibitor-Index/97948-exosens,info@exosens.com,+33 5 56 16 40 50,"Optical components, Optomechanics / optoelectronics"
Exhibitor,Fachpresse,Germany,72636,Frickenhausen,,https://www.schall-messen.de,Hall 3.0 - Stand 716,https://www.optatec-messe.de/en/Exhibitor-Index/98998-fachpresse,info@schall-messen.de,+49 7025 9206-0,Fachpresse
Exhibitor,FAKT KOMMUNIKATION,Deutschland,07751,Jena,,,Hall 3.0 - Stand 305,,,,
Exhibitor,Ferroperm Optics A/S,Denmark,2950,Vedbaek,,https://www.ferropermoptics.com,Hall 3.0 - Stand 329,https://www.optatec-messe.de/en/Exhibitor-Index/58744-ferroperm-optics-a%252Fs,info@ferropermoptics.com,+45 45890392,Optical components
Exhibitor,FHR Anlagenbau GmbH,Germany,01458,Ottendorf-Okrilla,,https://www.fhr.biz,Hall 3.0 - Stand 307-2,https://www.optatec-messe.de/en/Exhibitor-Index/46956-fhr-anlagenbau-gmbh,postbox@fhr.de,+49 35205 520-0,"Manufacturing systems, Optical components"
Exhibitor,fiberware GmbH,Germany,09648,Mittweida,,https://www.fiberware.de,Hall 3.0 - Stand 606,https://www.optatec-messe.de/en/Exhibitor-Index/56684-fiberware-gmbh,sales@fiberware.de,+49 3727 959250,"Fibre optics / light guides, Optical components"
Exhibitor,Fives Landis Ltd -,Großbritannien und Nordirland,MK42 7JE,Kempston,,,Hall 3.0 - Stand 317,,,,
Exhibitor,FLP Microfinishing GmbH,Germany,06780,Zörbig,,https://www.flp-microfinishing.de,Hall 3.0 - Stand 405,https://www.optatec-messe.de/en/Exhibitor-Index/98102-flp-microfinishing-gmbh,info@flp-microfinishing.de,+49 34956 397-0,FLP Microfinishing GmbH
Exhibitor,"Foctek Photonics, Inc.",China,350100,"Fuzhou, Fujian",,https://www.foctek.net,Hall 3.0 - Stand 704,https://www.optatec-messe.de/en/Exhibitor-Index/83286-foctek-photonics--inc,sales@foctek.com,+86 9138266618,"Foctek Photonics, Inc."
Exhibitor,Fraunhofer ISIT,Deutschland,25524,Itzehoe,,,Hall 3.0 - Stand 116,,,,
Exhibitor,Fraunhofer-Institut für Lasertechnik ILT,Germany,52074,Aachen,,https://www.ilt.fraunhofer.de,Hall 3.0 - Stand 219,https://www.optatec-messe.de/en/Exhibitor-Index/86898-fraunhofer-institut-fuer-lasertechnik-ilt,info@ilt.fraunhofer.de,+49 241 8906-581,"Fibre optics / light guides, Manufacturing systems, Optical components"
Exhibitor,FresnelX,France,33610,Cestas,,https://www.fresnelx.com,Hall 3.0 - Stand 306-1,https://www.optatec-messe.de/en/Exhibitor-Index/98118-fresnelx,david.batte@scoptique.com,0033614280583,Optical components
Exhibitor,"FU ZHOU XK PHOTONICS CO.,LTD",China,350102,FUZHOU,,https://www.xkpho.com,Hall 3.0 - Stand 202,https://www.optatec-messe.de/en/Exhibitor-Index/88198-fu-zhou-xk-photonics-co--ltd,kastonn@163.com,+89 189 0024 4686,"FU ZHOU XK PHOTONICS CO.,LTD"
Exhibitor,"Fujian Enlumen Tech Co.,Ltd.",China,350100,Fuzhou,,https://www.enlumen.net,Hall 3.0 - Stand 144,https://www.optatec-messe.de/en/Exhibitor-Index/97492-fujian-enlumen-tech-co--ltd,cherry.cheng@enlumen.net,+86 15859066759,Optical components
Exhibitor,"FUJIAN FRAN OPTICS CO.,LTD.",China,350002,Fuzhou,,https://www.franoptics.com,Hall 3.0 - Stand 207,https://www.optatec-messe.de/en/Exhibitor-Index/87298-fujian-fran-optics-co--ltd,sales@franoptics.com,+86-591-83057079,"FUJIAN FRAN OPTICS CO.,LTD."
Exhibitor,"Fujian RISING EO Technologies CO.,LTD",China,35007,Fuzhou,,https://www.rising-eo.com/,Hall 3.0 - Stand 123,https://www.optatec-messe.de/en/Exhibitor-Index/97592-fujian-rising-eo-technologies-co--ltd,sales@rising-eo.com,+86 18950282034,Optical components
Exhibitor,"Fujian Z.K. Litecore Co., Ltd.",China,362700,Fuzhou,,https://www. litecore.com. cn,Hall 3.0 - Stand 206,https://www.optatec-messe.de/en/Exhibitor-Index/100110-fujian-z-k--litecore-co---ltd,djma@litecore.com.cn,+860591-87863530,"Fujian Z.K. Litecore Co., Ltd."
Exhibitor,"Fuzhou Alpha Optics Co., Ltd.",China,350008,Fuzhou,,https://www.alphaoptics.com.cn,Hall 3.0 - Stand 115,https://www.optatec-messe.de/en/Exhibitor-Index/81350-fuzhou-alpha-optics-co---ltd,sales@alphaoptics.com.cn,+86 591 8807-1539,"Fuzhou Alpha Optics Co., Ltd."
Exhibitor,Fuzhou Hundreds optics Inc.,China,350108,Fuzhou,,https://www.hundredsoptics.com,Hall 3.0 - Stand 133,https://www.optatec-messe.de/en/Exhibitor-Index/87344-fuzhou-hundreds-optics-inc,sales@100optics.com,+86-591-88263243,Fuzhou Hundreds optics Inc.
Exhibitor,Fuzhou Solid Photon Inc,China,350008,Fuzhou,,https://www.solid-photon.com,Hall 3.0 - Stand 103,https://www.optatec-messe.de/en/Exhibitor-Index/87896-fuzhou-solid-photon-inc,dong.fu@solid-photon.com,+86 591 878 86596,Fuzhou Solid Photon Inc
Exhibitor,GBneuhaus GmbH,Germany,98724,Neuhaus am Rennweg,,https://www.gbneuhaus.de,Hall 3.0 - Stand 210,https://www.optatec-messe.de/en/Exhibitor-Index/87412-gbneuhaus-gmbh,info@gbneuhaus.de,+49 3679 726030,"Manufacturing systems, Optical components"
Exhibitor,General Dynamics Mission Systems,USA,20151,VA,,https://www.gdmissionsystems.com,Hall 3.0 - Stand 201-1,https://www.optatec-messe.de/en/Exhibitor-Index/99534-general-dynamics-mission-systems,jenn.harrison@gd-ms.com,+1 480 285 9740,General Dynamics Mission Systems
Exhibitor,"Guangzhou Jinghe Optec CO.,LTD.",China,510760,Guangzhou,,https://www.joctech.com,Hall 3.0 - Stand 605,https://www.optatec-messe.de/en/Exhibitor-Index/97974-guangzhou-jinghe-optec-co--ltd,lisalee@joctech.com,+8613431003172,"Guangzhou Jinghe Optec CO.,LTD."
Exhibitor,Günter Effgen GmbH,Deutschland,55756,Herrstein,,,Hall 3.0 - Stand 406,,,,
Exhibitor,GWU-Lasertechnik GmbH,Germany,50374,Erftstadt,,https://www.gwu-lasertechnik.de,Hall 3.0 - Stand 106,https://www.optatec-messe.de/en/Exhibitor-Index/47126-gwu-lasertechnik-gmbh,info@gwu-lasertechnik.de,+49 2235 95522-0,"Laser components, Optical components, Optomechanics / optoelectronics"
Exhibitor,"Hangzhou Baiteng Elec Tech Co., Ltd",China,310018,Hangzhou,,https://,Hall 3.0 - Stand 512,https://www.optatec-messe.de/en/Exhibitor-Index/99600-hangzhou-baiteng-elec-tech-co---ltd,13911528364@163.com,86 571 86872377,Optical components
Exhibitor,"Hitronics Technologies, Inc.",China,350100,Fuzhou / Fujian,,https://www.hi-tronics.com,Hall 3.0 - Stand 609,https://www.optatec-messe.de/en/Exhibitor-Index/56522-hitronics-technologies--inc,sales@hi-tronics.com,+86 591 22193853,"Manufacturing systems, Optical components, Optomechanics / optoelectronics"
Exhibitor,Hochschule Darmstadt,Germany,64295,Darmstadt,,https://fbmn.h-da.de/obv,Hall 3.0 - Stand 622,https://www.optatec-messe.de/en/Exhibitor-Index/59866-hochschule-darmstadt,matthias.will@h-da.de,+49 6151 533 60029,Hochschule Darmstadt
Exhibitor,Hochschule Rheinmain,Germany,65428,Rüsselsheim,,https://www.hs-rm.de,Hall 3.0 - Stand 622,https://www.optatec-messe.de/en/Exhibitor-Index/59872-hochschule-rheinmain,stefan.kontermann@hs-rm.de,+49 61424546,Hochschule Rheinmain
Exhibitor,HOFBAUER,Deutschland,81245,München,,,Hall 3.0 - Stand 503,,,,
Exhibitor,holoGT s.r.o.,Slovakia,010 08,Zilina,,https://www.hologt.com,Hall 3.0 - Stand 319,https://www.optatec-messe.de/en/Exhibitor-Index/97928-hologt-s-r-o,hologt@hologt.com,+421948599011,holoGT s.r.o.
Exhibitor,Hongfeng Carbon Solutions,"Hong Kong S.A.R., China",00000,Kowloon Bay,,https://www.hongfengcarbon.com/,Hall 3.0 - Stand 135,https://www.optatec-messe.de/en/Exhibitor-Index/99158-hongfeng-carbon-solutions,richard.rogers@hongfengcarbon.com,+852 2123 1951,"Laser components, Manufacturing systems"
Exhibitor,"Hubei Gabrielle-Optech Co.,Ltd",China,443600,Yichang,,https://www.gbjgd.com,Hall 3.0 - Stand 511,https://www.optatec-messe.de/en/Exhibitor-Index/87924-hubei-gabrielle-optech-co--ltd,hwjeanne@163.com,+8607172667807,"Hubei Gabrielle-Optech Co.,Ltd"
Exhibitor,HWL Scientific Instruments GmbH,Germany,72070,Tübingen,,https://www.hwlscientific.com,Hall 3.0 - Stand 413,https://www.optatec-messe.de/en/Exhibitor-Index/97536-hwl-scientific-instruments-gmbh,info@hwlscientific.com,+49 7073 8521 812,"Manufacturing systems, Optical components, Optomechanics / optoelectronics"
Exhibitor,Hyperion Optics USA,USA,08817,Edison,,https://www.hypoptics.com,Hall 3.0 - Stand 710,https://www.optatec-messe.de/en/Exhibitor-Index/97660-hyperion-optics-usa,rfq-us@hypoptics.com,+1 9088991918,"Optical components, Optomechanics / optoelectronics"
Exhibitor,I-Photonics,Lithuania,14198,"Avizieniu, Vilnius raj.",,https://www.i-photonics.lt,Hall 3.0 - Stand 610,https://www.optatec-messe.de/en/Exhibitor-Index/58586-i-photonics,info@i-photonics.lt,+370 679 18911,"Manufacturing systems, Optical components"
Exhibitor,I-Z GmbH - CNC-Fertigung,Germany,07552,Gera,,https://www.i-z-gmbh.de,Hall 3.0 - Stand 305,https://www.optatec-messe.de/en/Exhibitor-Index/100194-i-z-gmbh---cnc-fertigung,kontakt@i-z-gmbh.de,+49 365 5516845,"Manufacturing systems, Optomechanics / optoelectronics"
Exhibitor,IB/E optics GmbH,Germany,94078,Freyung,,https://www.ibe-optics.com,Hall 3.0 - Stand 412,https://www.optatec-messe.de/en/Exhibitor-Index/98206-ib%252Fe-optics-gmbh,info@ibe-optics.com,+49 8551 99980-30,"Optical components, Optomechanics / optoelectronics"
Exhibitor,Ibsen Photonics A/S,Denmark,3520,Farum,,https://www.ibsen.com,Hall 3.0 - Stand 304,https://www.optatec-messe.de/en/Exhibitor-Index/86192-ibsen-photonics-a%252Fs,sales@ibsen.com,+45 4434 7000,"Fibre optics / light guides, Optical components"
Exhibitor,"Inchoi Optek Co.,Ltd",China,231200,Hefei,,https://www.inchoi.org.cn,Hall 3.0 - Stand 221,https://www.optatec-messe.de/en/Exhibitor-Index/99420-inchoi-optek-co--ltd,info@inchoi.org.cn,+86 (0)551 68891160,Optical components
Exhibitor,INFICON GmbH,Germany,50968,Köln,,https://www.inficon.com,Hall 3.0 - Stand 505,https://www.optatec-messe.de/en/Exhibitor-Index/98104-inficon-gmbh,reach.germany@inficon.com,+49 221 56788-100,"Manufacturing systems, Optical components"
Exhibitor,Inlight Technology HK Limited,"Hong Kong S.A.R., China",999077,Hong Kong,,https//inlightcn.com/en/,Hall 3.0 - Stand 202-1,https://www.optatec-messe.de/en/Exhibitor-Index/99284-inlight-technology-hk-limited,inlight@inlightcn.com,+852 2887 6018,Inlight Technology HK Limited
Exhibitor,Innolite GmbH,Germany,52070,Aachen,,https://www.innolite.de,Hall 3.0 - Stand 620,https://www.optatec-messe.de/en/Exhibitor-Index/44482-innolite-gmbh,info@innolite.de,+49 241 475708-0,"Fibre optics / light guides, Laser components, Manufacturing systems, Optical components, Optomechanics / optoelectronics"
Exhibitor,"Intpho（Fujian） Technology Co., Ltd.",China,361100,Xiamen,,https://www.intpho.com,Hall 3.0 - Stand 134,https://www.optatec-messe.de/en/Exhibitor-Index/47042-intpho%25EF%25BC%2588fujian%25EF%25BC%2589-technology-co---ltd,sales@intpho.com,+86 591 88203311,Optical components
Exhibitor,IV IR OPTICS GmbH,Germany,99817,Eisenach,,https://www.iv-ir-optics.com,Hall 3.0 - Stand 414,https://www.optatec-messe.de/en/Exhibitor-Index/85774-iv-ir-optics-gmbh,info@iv-ir-optics.com,+49 3691 7318-0,Optical components
Exhibitor,Jenny Science AG,Switzerland,6026,Rain,,https://www.jennyscience.ch,Hall 3.0 - Stand 618,https://www.optatec-messe.de/en/Exhibitor-Index/96522-jenny-science-ag,info@jennyscience.ch,+41 41 255 25 25,"Fibre optics / light guides, Manufacturing systems, Optical components"
Exhibitor,"Jiangxi High-Resolution Optoelectronic Co., L",China,334000,Shangrao,,https://www.hroptron.com,Hall 3.0 - Stand 611,https://www.optatec-messe.de/en/Exhibitor-Index/99776-jiangxi-high-resolution-optoelectronic-co---l,alecia@hroptron.com,+86 793 8788 676,"Jiangxi High-Resolution Optoelectronic Co., L"
Exhibitor,"Jiangxi Trace optical Co.,Ltd.",China,341700,GANZHOU,,,Hall 3.0 - Stand 202,,,,
Exhibitor,K & Y Diamond Ltd.,Canada,H9B 2M9,Dollard-Des-Ormeaux,,https://www.kydiamond.ca,Hall 3.0 - Stand 410,https://www.optatec-messe.de/en/Exhibitor-Index/57460-k-%2526-y-diamond-ltd,sales@kydiamond.ca,+1 513 675 0640,"Manufacturing systems, Optical components, Optomechanics / optoelectronics"
Exhibitor,KPG LASER PTE. LTD.,Singapur,573970,Singapur,,,Hall 3.0 - Stand 615,,,,
Exhibitor,Künemund GmbH & Co. KG,Germany,70565,Stuttgart,,https://www.kuenemund.de,Hall 3.0 - Stand 617,https://www.optatec-messe.de/en/Exhibitor-Index/47818-kuenemund-gmbh-%2526-co--kg,stuttgart@kuenemund.de,+49 711 72587-0,"Manufacturing systems, Optical components, Optomechanics / optoelectronics"
Exhibitor,L-Chaser Optics Ltd,China,130102,"Changchun, Jilin Province",,https://www.jljczz.com,Hall 3.0 - Stand 518,https://www.optatec-messe.de/en/Exhibitor-Index/99952-l-chaser-optics-ltd,sally@lc-optics.com,0086 431 82651449,Optical components
Exhibitor,Lante Optics,China,314023,Jiaxing,,https://www.lante.com.cn,Hall 3.0 - Stand 611,https://www.optatec-messe.de/en/Exhibitor-Index/99684-lante-optics,luwz@lante.com.cn,+86 573-83347400,Lante Optics
Exhibitor,LAPMASTER Wolters GmbH,Germany,24768,Rendsburg,,https://www.lapmaster-wolters.de,Hall 3.0 - Stand 603,https://www.optatec-messe.de/en/Exhibitor-Index/74130-lapmaster-wolters-gmbh,info@lapmaster-wolters.de,+49 4331 458-0,Manufacturing systems
Exhibitor,Leibniz-Institut,Deutschland,04318,Leipzig,,,Hall 3.0 - Stand 503,,,,
Exhibitor,Lensation GmbH,Germany,76149,Karlsruhe,,https://www.lensation.de,Hall 3.0 - Stand 202-1,https://www.optatec-messe.de/en/Exhibitor-Index/99282-lensation-gmbh,info@lensation.de,+49 721 7540450,Lensation GmbH
Exhibitor,Levicron GmbH,Germany,67661,Kaiserslautern,,https://www.levicron.com,Hall 3.0 - Stand 201,https://www.optatec-messe.de/en/Exhibitor-Index/45666-levicron-gmbh,info@levicron.com,+49 6301 66800-0,"Manufacturing systems, Optical components"
Exhibitor,"LIDARIS,Ltd",Litauen,10312,Vilnius,,,Hall 3.0 - Stand 127,,,,
Exhibitor,LightTrans International GmbH,Germany,07743,Jena,,https://www.lighttrans.com,Hall 3.0 - Stand 509,https://www.optatec-messe.de/en/Exhibitor-Index/56428-lighttrans-international-gmbh,info@lighttrans.com,+49 3641 5312950,Optical components
Exhibitor,LOEW Präzisionsteile GmbH,Germany,90429,Nürnberg,,https://www.loew-praezision.de,Hall 3.0 - Stand 316,https://www.optatec-messe.de/en/Exhibitor-Index/84798-loew-praezisionsteile-gmbh,info@loew-praezision.de,091140088050,LOEW Präzisionsteile GmbH
Exhibitor,MADDE Inc.,South Korea,04783,Seoul,,https://www.madde.co.kr/eng/,Hall 3.0 - Stand 213,https://www.optatec-messe.de/en/Exhibitor-Index/98568-madde-inc,shpark@madde.co.kr,+82 10 3953 4783,Optical components
Exhibitor,Mahr GmbH,Germany,37073,Göttingen,,https://www.mahr.com,Hall 3.0 - Stand 507,https://www.optatec-messe.de/en/Exhibitor-Index/83758-mahr-gmbh,info@mahr.com,+49 551 7073 0,Optical components
Exhibitor,Manx Precision Optics Ltd.,Isle of Man,IM9 2AP,Ballasalla,,https://www.MPO.im,Hall 3.0 - Stand 506,https://www.optatec-messe.de/en/Exhibitor-Index/56774-manx-precision-optics-ltd,sales@mpo.im,+441624 620800,Optical components
Exhibitor,Megatech GmbH,Germany,01257,Dresden,,https://www.megatech.com,Hall 3.0 - Stand 307-7,https://www.optatec-messe.de/en/Exhibitor-Index/99322-megatech-gmbh,info@megatech.com,+49 351 50197214,Megatech GmbH
Exhibitor,Meizhou Yizhao Photonics Technology Co.Ltd,China,514000,Meizhou,,https://www.yzlens.com,Hall 3.0 - Stand 611,https://www.optatec-messe.de/en/Exhibitor-Index/99576-meizhou-yizhao-photonics-technology-co-ltd,Cherry-Chi@yzlens.com,+86 0753 2321339,Meizhou Yizhao Photonics Technology Co.Ltd
Exhibitor,MKS,Deutschland,64291,Darmstadt,,,Hall 3.0 - Stand 607,,,,
Exhibitor,"MPNICS Co., Ltd.",South Korea,61003,Gwangju,,https://www.mpnics.com,Hall 3.0 - Stand 612,https://www.optatec-messe.de/en/Exhibitor-Index/85190-mpnics-co---ltd,jeonju@mpnics.com,+82 10 2114 7222,"MPNICS Co., Ltd."
Exhibitor,MSD GmbH,Germany,92369,Sengenthal,,https://www.msd-optics.com,Hall 3.0 - Stand 516,https://www.optatec-messe.de/en/Exhibitor-Index/98406-msd-gmbh,daniel.mangold@msd-optics.com,+49 15204932111,MSD GmbH
Exhibitor,Nanjing Sapphire Electro-Optics,China,210031,Nanjing,,https://www.mpasapphire.com,Hall 3.0 - Stand 119,https://www.optatec-messe.de/en/Exhibitor-Index/80846-nanjing-sapphire-electro-optics,market@mpasapphire.com,+86 25 8320 2950,"Manufacturing systems, Optical components"
Exhibitor,"Nanjing Supreme Optoelectric Co., Ltd.",China,210000,"Nanjing, Jiangsu",,https://www.supreme-oe.com,Hall 3.0 - Stand 518,https://www.optatec-messe.de/en/Exhibitor-Index/99432-nanjing-supreme-optoelectric-co---ltd,sales@supreme-oe.com,0086 25 85338680,Manufacturing systems
Exhibitor,nanoFaktur GmbH,Germany,78048,Villingen-Schwenningen,,https://www.nanoFaktur.com,Hall 3.0 - Stand 114,https://www.optatec-messe.de/en/Exhibitor-Index/80852-nanofaktur-gmbh,info@nanoFaktur.com,+49 7721 94647-0,"Fibre optics / light guides, Optomechanics / optoelectronics"
Exhibitor,"Nanyang Running Optical & Electronic Co.,LTD.",China,473000,Nanyang,,http://en.running-oe.com,Hall 3.0 - Stand 511,https://www.optatec-messe.de/en/Exhibitor-Index/99584-nanyang-running-optical-%2526-electronic-co--ltd,sale@oande.cn,+86 377-62225996,"Nanyang Running Optical & Electronic Co.,LTD."
Exhibitor,"NEWSANDGY OPTRONICS ,INC",China,350015,Fuzhou,,https://www.newsandgy.com,Hall 3.0 - Stand 128,https://www.optatec-messe.de/en/Exhibitor-Index/100266-newsandgy-optronics--inc,Sales@newsandgy.com,+86 591-83856679,"NEWSANDGY OPTRONICS ,INC"
Exhibitor,NihonShinchi Corporation,Japan,4000117,"Kai-shi, Yamanashi",,https://japan-shinchi.co.jp/,Hall 3.0 - Stand 212,https://www.optatec-messe.de/en/Exhibitor-Index/98128-nihonshinchi-corporation,sales@japan-shinchi.co.jp,+81 55 234 5286,Optical components
Exhibitor,Nikon Corporation,Japan,1086290,Tokyo,,https:// www.nikon.com/products/components,Hall 3.0 - Stand 513,https://www.optatec-messe.de/en/Exhibitor-Index/84974-nikon-corporation,sales@nikon.com,+81364333970,Nikon Corporation
Exhibitor,Nikon Metrology Europe NV,Belgium,3001,Leuven,,https://industry.nikon.com/de-de/,Hall 3.0 - Stand 513,https://www.optatec-messe.de/en/Exhibitor-Index/99292-nikon-metrology-europe-nv,Sales.Germany.NM@nikon.com,+49 211 4544 6951,Optical components
Exhibitor,"Ningbo Yongxin Optics Co.,Ltd.",China,315048,Ningbo,,,Hall 3.0 - Stand 216,,,,
Exhibitor,NTG - Neue Technologien,Deutschland,63571,Gelnhausen,,,Hall 3.0 - Stand 503,,,,
Exhibitor,NTGmotion GmbH & Co. KG,Germany,63571,Gelnhausen,,https:/www.ntgmotion.de,Hall 3.0 - Stand 503,https://www.optatec-messe.de/en/Exhibitor-Index/99354-ntgmotion-gmbh-%2526-co--kg,info@ntgmotion.de,+49 60516003950,NTGmotion GmbH & Co. KG
Exhibitor,OHARA GmbH,Germany,65719,Hofheim,,https://www.ohara-gmbh.com,Hall 3.0 - Stand 209,https://www.optatec-messe.de/en/Exhibitor-Index/54858-ohara-gmbh,info@ohara-gmbh.com,+49 6192 9650-50,Optical components
Exhibitor,OPTAplus BG JSC,Bulgaria,1632,Sofia,,https://www.optaplus.com,Hall 3.0 - Stand 208,https://www.optatec-messe.de/en/Exhibitor-Index/58336-optaplus-bg-jsc,office@optaplus.com,+359 2 872 3207,"Optical components, Optomechanics / optoelectronics"
Exhibitor,Optical and Intelligent Technology Nanyang,China,473000,Nanyang,,https://www.quancool.com,Hall 3.0 - Stand 512,https://www.optatec-messe.de/en/Exhibitor-Index/98554-optical-and-intelligent-technology-nanyang,13911528364@163.com,,Optical components
Exhibitor,Optics.Org,United Kingdom,CF24 2SA,Cardiff,,https://optics.org,Hall 3.0 - Stand 420,https://www.optatec-messe.de/en/Exhibitor-Index/87444-optics-org,rob.fisher@optics.org,+44 117 905 5330,Manufacturing systems
Exhibitor,OptiLayer GmbH,Germany,14163,Berlin,,https://www.optilayer.com,Hall 3.0 - Stand 102,https://www.optatec-messe.de/en/Exhibitor-Index/96750-optilayer-gmbh,support@optilayer.com,+493075437880,"Manufacturing systems, Optical components"
Exhibitor,Optix-BD GmbH,Deutschland,13086,Berlin,,,Hall 3.0 - Stand 327,,,,
Exhibitor,Opto Lab,Germany,60594,Frankfurt am Main,,https://www.optolabltd.com,Hall 3.0 - Stand 307-8,https://www.optatec-messe.de/en/Exhibitor-Index/99688-opto-lab,info@optolabltd.com,+49 176 31318323,Optical components
Exhibitor,"Opto-Alignment Technology, Inc.",USA,28079,Indian Trail NC,,,Hall 3.0 - Stand 619,,,,
Exhibitor,OptoTech Optikmaschinen GmbH,Germany,35435,Wettenberg,,https://www.optotech.net,Hall 3.0 - Stand 324,https://www.optatec-messe.de/en/Exhibitor-Index/47188-optotech-optikmaschinen-gmbh,info.de@optotech.net,+49 641 49939-0,"Manufacturing systems, Optical components"
Exhibitor,Optotune Switzerland AG,Switzerland,8953,Dietikon,,https://www.optotune.com,Hall 3.0 - Stand 311,https://www.optatec-messe.de/en/Exhibitor-Index/45676-optotune-switzerland-ag,sales@optotune.com,+41 58 856-3000,"Optical components, Optomechanics / optoelectronics"
Exhibitor,ORAFOL Fresnel Optics GmbH,Germany,99510,Apolda,,https://www.fresnel-optics.de,Hall 3.0 - Stand 305,https://www.optatec-messe.de/en/Exhibitor-Index/84322-orafol-fresnel-optics-gmbh,info@fresnel-optics.de,+49 3644 50110,Optical components
Exhibitor,OTF Studio GmbH,Germany,85748,Garching bei München,,https://www.otfstudio.com,Hall 3.0 - Stand 110,https://www.optatec-messe.de/en/Exhibitor-Index/82920-otf-studio-gmbh,support@otfstudio.com,+49 89 209 75 338,Optical components
Exhibitor,P.E. Schall GmbH & Co.KG,Germany,72636,Frickenhausen,,https://www.schall-messen.de,Hall 3.0 - Stand 625,https://www.optatec-messe.de/en/Exhibitor-Index/98996-p-e--schall-gmbh-%2526-co-kg,info@schall-messen.de,+49 7025 9206-0,P.E. Schall GmbH & Co.KG
Exhibitor,Panasonic Connect,Deutschland,85521,Ottobrunn,,,Hall 3.0 - Stand 604,,,,
Exhibitor,Photon Engineering Europe Ltd,United Kingdom,CM24 8PL,Stansted,,https://photonengr.com/,Hall 3.0 - Stand 307-5,https://www.optatec-messe.de/en/Exhibitor-Index/96774-photon-engineering-europe-ltd,neilb@photonengr.com,+44 1279 217860,Optical components
Exhibitor,Photonic Talks,Germany,72636,Frickenhausen,,https://www.schall-messen.de,Hall 3.0 - Stand 419,https://www.optatec-messe.de/en/Exhibitor-Index/99000-photonic-talks,info@schall-messen.de,+49 7025 9206-0,Photonic Talks
Exhibitor,Photonics Hub GmbH,Germany,55130,Mainz,,https://www.photonics-hub.de,Hall 3.0 - Stand 307-1,https://www.optatec-messe.de/en/Exhibitor-Index/98660-photonics-hub-gmbh,info@photonics-hub.de,+49 6131 698 2871,Manufacturing systems
Exhibitor,Picotronic GmbH,Germany,56070,Koblenz,,https://www.picotronic.de,Hall 3.0 - Stand 129,https://www.optatec-messe.de/en/Exhibitor-Index/98134-picotronic-gmbh,info@picotronic.de,+49 261 983497 0,Laser components
Exhibitor,Plant for Optics,Bulgaria,4500,Panagyuriste,,https://www.pfo-bg.com,Hall 3.0 - Stand 313,https://www.optatec-messe.de/en/Exhibitor-Index/96410-plant-for-optics,pfo@opticoel.com,+ 359 357 62156;,Plant for Optics
Exhibitor,"Plasma Process Group, Inc.",USA,"CO, 80550",Windsor,,https://www.plasmaprocessgroup.com,Hall 3.0 - Stand 142,https://www.optatec-messe.de/en/Exhibitor-Index/97920-plasma-process-group--inc,info@plasmaprocessgroup.com,+1 970 663 6988,"Manufacturing systems, Optical components"
Exhibitor,POG Präzisionsoptik Gera GmbH,Germany,04626,Löbichau,,https://www.pog.eu,Hall 3.0 - Stand 326,https://www.optatec-messe.de/en/Exhibitor-Index/46516-pog-praezisionsoptik-gera-gmbh,info@pog.eu,+49 36602 528 400,"Optical components, Optomechanics / optoelectronics"
Exhibitor,Polytec GmbH,Germany,76337,Waldbronn,,https://www.polytec.com,Hall 3.0 - Stand 503,https://www.optatec-messe.de/en/Exhibitor-Index/99334-polytec-gmbh,info@polytec.de,+49 7243 604 0,"Manufacturing systems, Optical components"
Exhibitor,Precizika Metrology,Lithuania,09120,Vilnius,,https://www.precizika.com,Hall 3.0 - Stand 136,https://www.optatec-messe.de/en/Exhibitor-Index/99136-precizika-metrology,sales@precizika.com,+370 5 236 3606,Precizika Metrology
Exhibitor,PTB - Physikalisch-Technische Bundesanstalt,Deutschland,38116,Braunschweig,,,Hall 3.0 - Stand 503,,,,
Exhibitor,Pureon AG,Switzerland,8574,Lengwil,,https://www.pureon.com,Hall 3.0 - Stand 314,https://www.optatec-messe.de/en/Exhibitor-Index/70342-pureon-ag,hello@pureon.com,+41 71 686 60 60,Manufacturing systems
Exhibitor,QED Technologies International Inc.,USA,14607,"Rochester, NY",,https://www.qedmrf.com,Hall 3.0 - Stand 214,https://www.optatec-messe.de/en/Exhibitor-Index/81326-qed-technologies-international-inc,info@qedmrf.com,+1 585 256-6540,"Manufacturing systems, Optical components"
Exhibitor,Quantum Design GmbH,Germany,64319,Pfungstadt,,https://www.qd-europe.com,Hall 3.0 - Stand 706,https://www.optatec-messe.de/en/Exhibitor-Index/58750-quantum-design-gmbh,germany@qd-europe.com,+49 6157-80710-0,"Fibre optics / light guides, Laser components, Manufacturing systems, Optical components, Optomechanics / optoelectronics"
Exhibitor,Roland Mandler GmbH Co Kg,Germany,35452,Heuchelheim,,https://,Hall 3.0 - Stand 623,https://www.optatec-messe.de/en/Exhibitor-Index/99176-roland-mandler-gmbh-co-kg,roland.mandler@t-online.de,+491722093850,Roland Mandler GmbH Co Kg
Exhibitor,"SAIS CO., LTD",China,110171,SHENYANG,,https://www.hb-optical.com,Hall 3.0 - Stand 624,https://www.optatec-messe.de/en/Exhibitor-Index/86910-sais-co---ltd,zhangfan@hb-optical.com,+862488710219,Optical components
Exhibitor,Santec Europe Limited,United Kingdom,OX14 4RY,Oxfordshire,,https://www.santec.com,Hall 3.0 - Stand 145,https://www.optatec-messe.de/en/Exhibitor-Index/98876-santec-europe-limited,santec-emea@santec.com,+44 20 3176 1550,Santec Europe Limited
Exhibitor,Satisloh AG,Switzerland,6340,Baar,,https://www.satisloh.com,Hall 3.0 - Stand 517,https://www.optatec-messe.de/en/Exhibitor-Index/74286-satisloh-ag,info@satisloh.com,+41 41 766 16 16,Manufacturing systems
Exhibitor,SCHNEIDER GmbH & Co. KG,Germany,35112,Fronhausen,,https://www.schneider-om.com,Hall 3.0 - Stand 407,https://www.optatec-messe.de/en/Exhibitor-Index/46328-schneider-gmbh-%2526-co--kg,info@schneider-om.com,+49 6426 9696-0,SCHNEIDER GmbH & Co. KG
Exhibitor,SFK-Service GmbH,Germany,12555,Berlin,,https://www.sfk-service.de,Hall 3.0 - Stand 416,https://www.optatec-messe.de/en/Exhibitor-Index/60210-sfk-service-gmbh,info@sfk-service.de,+49 3065762845,"Fibre optics / light guides, Laser components, Optomechanics / optoelectronics"
Exhibitor,"Shanghai Desioptoe Technology Co., Ltd",China,201802,Shanghai,,https://www.desioptoe.com,Hall 3.0 - Stand 221,https://www.optatec-messe.de/en/Exhibitor-Index/99460-shanghai-desioptoe-technology-co---ltd,ib@desioptoe.com,0086 21 31081290,Optical components
Exhibitor,"Shanghai EVENOPTICS Technology Co., LTD",China,201318,Shanghai,,https://www.evenoptics.com,Hall 3.0 - Stand 148,https://www.optatec-messe.de/en/Exhibitor-Index/98950-shanghai-evenoptics-technology-co---ltd,xkbai@evenoptics.com,+86 152 1676 7427,"Fibre optics / light guides, Laser components, Optical components"
Exhibitor,"Shanghai PINEN Exhibition Co., Ltd.",China,200442,Shanghai,,https://www.pe-exhibition.com,Hall 3.0 - Stand 621,https://www.optatec-messe.de/en/Exhibitor-Index/96900-shanghai-pinen-exhibition-co---ltd,leafli@pe-exhibition.com,+86 2136050825,"Shanghai PINEN Exhibition Co., Ltd."
Exhibitor,"Shanghai PINEN Exhibition Co., Ltd.",China,200442,Shanghai,,https://www.pe-exhibition.com,Hall 3.0 - Stand 621,https://www.optatec-messe.de/en/Exhibitor-Index/96900-shanghai-pinen-exhibition-co---ltd,leafli@pe-exhibition.com,+86 2136050825,"Shanghai PINEN Exhibition Co., Ltd."
Exhibitor,"Shanghai PINEN Exhibition Co., Ltd.",China,200442,Shanghai,,https://www.pe-exhibition.com,Hall 3.0 - Stand 621,https://www.optatec-messe.de/en/Exhibitor-Index/96900-shanghai-pinen-exhibition-co---ltd,leafli@pe-exhibition.com,+86 2136050825,"Shanghai PINEN Exhibition Co., Ltd."
Exhibitor,"Shanghai PINEN Exhibition Co., Ltd.",China,200442,Shanghai,,https://www.pe-exhibition.com,Hall 3.0 - Stand 621,https://www.optatec-messe.de/en/Exhibitor-Index/96900-shanghai-pinen-exhibition-co---ltd,leafli@pe-exhibition.com,+86 2136050825,"Shanghai PINEN Exhibition Co., Ltd."
Exhibitor,"Shanghai PINEN Exhibition Co., Ltd.",China,200442,Shanghai,,https://www.pe-exhibition.com,Hall 3.0 - Stand 621,https://www.optatec-messe.de/en/Exhibitor-Index/96900-shanghai-pinen-exhibition-co---ltd,leafli@pe-exhibition.com,+86 2136050825,"Shanghai PINEN Exhibition Co., Ltd."
Exhibitor,"Shanghai PINEN Exhibition Co., Ltd.",China,200442,Shanghai,,https://www.pe-exhibition.com,Hall 3.0 - Stand 621,https://www.optatec-messe.de/en/Exhibitor-Index/96900-shanghai-pinen-exhibition-co---ltd,leafli@pe-exhibition.com,+86 2136050825,"Shanghai PINEN Exhibition Co., Ltd."
Exhibitor,"Shaoxing JoinWin Micro-Led Technology Co., Lt",China,312000,Shaoxing,,https://www.joinwintek.com,Hall 3.0 - Stand 517-2,https://www.optatec-messe.de/en/Exhibitor-Index/99214-shaoxing-joinwin-micro-led-technology-co---lt,13911528364@163.com,+86 13911528364,"Fibre optics / light guides, Manufacturing systems"
Exhibitor,"Shenzhen Agilebull Technology Co.,Ltd.",China,518000,Shenzhen,,http://www.agilebull.com.cn/,Hall 3.0 - Stand 318,https://www.optatec-messe.de/en/Exhibitor-Index/99484-shenzhen-agilebull-technology-co--ltd,agilebull@agilebull.com.cn,+86 755-23248925,"Shenzhen Agilebull Technology Co.,Ltd."
Exhibitor,Shenzhen VoyaWave Optics,China,518100,Shenzhen,,,Hall 3.0 - Stand 107,,,,
Exhibitor,Shern Yeong,Taiwan,269027,Yilan County,,,Hall 3.0 - Stand 125,,,,
Exhibitor,"Sichuan Yasi Optics Co., Ltd",China,618300,"Guanghan City, Sichuan Province",,https://www.yasioptics.com/,Hall 3.0 - Stand 221,https://www.optatec-messe.de/en/Exhibitor-Index/99980-sichuan-yasi-optics-co---ltd,laijun@yasioptics.com,008615281035824,"Laser components, Optical components"
Exhibitor,Sindlhauser Materials GmbH,Germany,87437,Kempten (Allgäu),,https://www.sindlhauser.de,Hall 3.0 - Stand 409,https://www.optatec-messe.de/en/Exhibitor-Index/53922-sindlhauser-materials-gmbh,info@sindlhauser.de,+49 831 960 458-0,"Manufacturing systems, Optical components"
Exhibitor,Singapore Dynamic Optronics,Singapur,629621,JTC Space @ Gul,,,Hall 3.0 - Stand 121,,,,
Exhibitor,"Sinocera Photonics, Inc.",China,201822,Shanghai,,https://en.shanghaioptics.com/,Hall 3.0 - Stand 221,https://www.optatec-messe.de/en/Exhibitor-Index/99428-sinocera-photonics--inc,sales_sz@shanghaioptics.com,+86 21 39160275,Optical components
Exhibitor,Skyline Metalworks Group Ltd.,Taiwan,40723,"Xitun Dist., Taichung City",,https://www.skylinemetalworks.com.tw,Hall 3.0 - Stand 139,https://www.optatec-messe.de/en/Exhibitor-Index/97824-skyline-metalworks-group-ltd,amy.yeh@metalworks.com.tw,+886 912068798,Skyline Metalworks Group Ltd.
Exhibitor,SmarAct GmbH,Germany,26135,Oldenburg,,https://www.smaract.com,Hall 3.0 - Stand 325,https://www.optatec-messe.de/en/Exhibitor-Index/98640-smaract-gmbh,info-de@smaract.com,+49 441 800879 0,"Fibre optics / light guides, Manufacturing systems, Optomechanics / optoelectronics"
Exhibitor,"Smiles Optics Co.,Ltd",China,210000,Nanjing,,https://www.smilesoptics.com,Hall 3.0 - Stand 137,https://www.optatec-messe.de/en/Exhibitor-Index/97744-smiles-optics-co--ltd,13911528364@163.com,+13911528364,Optical components
Exhibitor,"SOMO IR Co., Ltd.",South Korea,06189,Seoul,,https://somoir.com,Hall 3.0 - Stand 306-2,https://www.optatec-messe.de/en/Exhibitor-Index/96578-somo-ir-co---ltd,irsales@somogroup.co.kr,+82-10-3607-7898,"SOMO IR Co., Ltd."
Exhibitor,SOMOS SAS,France,86360,Chasseneuil du Poitou,,https://www.somos-group.com,Hall 3.0 - Stand 200,https://www.optatec-messe.de/en/Exhibitor-Index/60590-somos-sas,commercial@somos-nanotec.com,+33 972348541,Manufacturing systems
Exhibitor,Spectrogon AB,Sweden,187 66,Täby,,https://www.spectrogon.com,Hall 3.0 - Stand 315,https://www.optatec-messe.de/en/Exhibitor-Index/47230-spectrogon-ab,sales.se@spectrogon.com,+46 8 6382800,Optical components
Exhibitor,SPIE Europe,United Kingdom,CF24 2SA,Cardiff,,https://spie.org,Hall 3.0 - Stand 421,https://www.optatec-messe.de/en/Exhibitor-Index/59274-spie-europe,info@spieeurope.org,+44 29 2089 4747,Manufacturing systems
Exhibitor,"SRC Metals Co.,Ltd",China,200433,Shanghai,,https://WWW.SRCMETALS.COM,Hall 3.0 - Stand 713,https://www.optatec-messe.de/en/Exhibitor-Index/83898-src-metals-co--ltd,sales@srcmetals.com,+86-21-6514-5153,Optical components
Exhibitor,Start-Up Area,Germany,72636,Frickenhausen,,https://www.schall-messen.de,Hall 3.0 - Stand 306,https://www.optatec-messe.de/en/Exhibitor-Index/98992-start-up-area,info@schall-messen.de,+49 7025 9206-0,Start-Up Area
Exhibitor,Stock Konstruktion GmbH,Germany,65623,Schiesheim-Zollhaus,,https://www.stock-konstruktion.de,Hall 3.0 - Stand 402,https://www.optatec-messe.de/en/Exhibitor-Index/80582-stock-konstruktion-gmbh,info@stock-konstruktion.de,+49 6430 92391 0,Manufacturing systems
Exhibitor,"Sun Yang Optics Development Co., Ltd.",Taiwan,33051,Taoyuan,,https://www.sunyang-optics.com.tw,Hall 3.0 - Stand 131,https://www.optatec-messe.de/en/Exhibitor-Index/98412-sun-yang-optics-development-co---ltd,sales@sunyang-optics.com.tw,+886 -3-3555685,"Sun Yang Optics Development Co., Ltd."
Exhibitor,Suzhou Precision Optoelectronic Technology co,China,215223,Suzhou,,https://www.peisiren.com,Hall 3.0 - Stand 105,https://www.optatec-messe.de/en/Exhibitor-Index/99610-suzhou-precision-optoelectronic-technology-co,wuhaitian@peisiren.com,+86 512 67686939,Suzhou Precision Optoelectronic Technology co
Exhibitor,Tascon GmbH,Germany,48149,Münster,,https://www.tascon.eu,Hall 3.0 - Stand 705,https://www.optatec-messe.de/en/Exhibitor-Index/69606-tascon-gmbh,tascon@tascon-gmbh.de,+49 251625622100,"Manufacturing systems, Optical components"
Exhibitor,"TDG Holding Co., Ltd",China,314412,Haining,,https://www.tdgcore.com,Hall 3.0 - Stand 518,https://www.optatec-messe.de/en/Exhibitor-Index/99436-tdg-holding-co---ltd,sales@tdgcore.com,0086 573 80701398,Optical components
Exhibitor,Technische Hochschule Deggendorf,Deutschland,94244,Teisnach,,,Hall 3.0 - Stand 503,,,,
Exhibitor,Technische Hochschule Mittelhessen,Germany,61169,Friedberg,,https://www.thm.de,Hall 3.0 - Stand 622,https://www.optatec-messe.de/en/Exhibitor-Index/59874-technische-hochschule-mittelhessen,info@ots.thm.de,+49 6031 604 0,Technische Hochschule Mittelhessen
Exhibitor,Tecport Optics Inc.,USA,32822,Orlando,,https://www.tecportoptics.com,Hall 3.0 - Stand 320,https://www.optatec-messe.de/en/Exhibitor-Index/57960-tecport-optics-inc,sales@tecportoptics.com,+1 4078551212,Manufacturing systems
Exhibitor,TELLUR Materials,China,610000,CHENGDU,,https://www.tellurmaterials.com,Hall 3.0 - Stand 124,https://www.optatec-messe.de/en/Exhibitor-Index/100260-tellur-materials,tyrone.zhou@tellurmaterials.com,+86 13980007994,TELLUR Materials
Exhibitor,"Tempotec Optics Co., Ltd.",China,350002,Fuzhou,,https://www.tempotec.com,Hall 3.0 - Stand 141,https://www.optatec-messe.de/en/Exhibitor-Index/98240-tempotec-optics-co---ltd,sales@tempotec.com,+86 591 28379366,"Tempotec Optics Co., Ltd."
Exhibitor,"TIAN CHENG OPTICS CO., LTD.",China,130062,Changchun,,https://www.tc-optics.com,Hall 3.0 - Stand 518,https://www.optatec-messe.de/en/Exhibitor-Index/87296-tian-cheng-optics-co---ltd,hr01@tc-optics.com,+86-0431-84563660,Optical components
Exhibitor,TNO,Niederlande,2628CK,Delft,,,Hall 3.0 - Stand 330,,,,
Exhibitor,"Tokai Optical Co., Ltd.",Japan,444-2106,Okazaki-city,,https//www.tokaioptical.com/en/,Hall 3.0 - Stand 146,https://www.optatec-messe.de/en/Exhibitor-Index/97762-tokai-optical-co---ltd,k-shirai@tokaiopt.co.jp,+81 80 2625 0851,"Tokai Optical Co., Ltd."
Exhibitor,TRIOPTICS,Germany,22880,Wedel,,https://www.trioptics.com,Hall 3.0 - Stand 408,https://www.optatec-messe.de/en/Exhibitor-Index/48028-trioptics,sales@trioptics.com,+49 4103 18006-0,Optical components
Exhibitor,"UC Components, Inc.",USA,95037,"Morgan Hill, CA",,https://www.uccomponents.com,Hall 3.0 - Stand 307-4,https://www.optatec-messe.de/en/Exhibitor-Index/98106-uc-components--inc,sales@uccomponents.com,+1 408 782 1929,"UC Components, Inc."
Exhibitor,UCM  AG,Schweiz,9424,Rheineck,,,Hall 3.0 - Stand 403,,,,
Exhibitor,"Universal Photonics, Inc.",USA,11722,New York,,https://www.universalphotonics.com,Hall 3.0 - Stand 714,https://www.optatec-messe.de/en/Exhibitor-Index/80562-universal-photonics--inc,info@universalphotonics.com,+1 516 935-4000,"Universal Photonics, Inc."
Exhibitor,Valtech Corporation,USA,19464,Pottstown,,https://www.valtechcorp.com,Hall 3.0 - Stand 217,https://www.optatec-messe.de/en/Exhibitor-Index/98854-valtech-corporation,info@valtechcorp.com,+1 610 7055900,Manufacturing systems
Exhibitor,VIAOPTIC GmbH,Deutschland,35578,Wetzlar,,,Hall 3.0 - Stand 322,,,,
Exhibitor,Viavi Solutions Inc.,USA,CA 95407,Santa Rosa,,https://www.osp.viavisolutions.com,Hall 3.0 - Stand 113,https://www.optatec-messe.de/en/Exhibitor-Index/97414-viavi-solutions-inc,ospcustomerservice@viavisolutions.com,+1 707 525 9200,Viavi Solutions Inc.
Exhibitor,"VY Optoelectronics Co., Ltd.",China,130042,Changchun,,https://www.vyoptics com,Hall 3.0 - Stand 117,https://www.optatec-messe.de/en/Exhibitor-Index/88028-vy-optoelectronics-co---ltd,sales@vyoptics.com,+86 431 84631230,"Laser components, Optical components, Optomechanics / optoelectronics"
Exhibitor,WAIV FTIR GmbH,Germany,22547,Hamburg,,https://www.waiv-ftir.com/,Hall 3.0 - Stand 306-4,https://www.optatec-messe.de/en/Exhibitor-Index/100176-waiv-ftir-gmbh,info@waiv-ftir.com,+49 15255697859,WAIV FTIR GmbH
Exhibitor,WOOPTIX,Spain,38320,Santa Cruz de Tenerife,,https://www.wooptix.com ,Hall 3.0 - Stand 147,https://www.optatec-messe.de/en/Exhibitor-Index/99270-wooptix,info@wooptix.com,+34 822 900 502,Optical components
Exhibitor,"Wuhan Genuine gaoli Optics Co.,Ltd.",China,430000,Wuhan,,http://www.hggaoligx.com/,Hall 3.0 - Stand 203,https://www.optatec-messe.de/en/Exhibitor-Index/87714-wuhan-genuine-gaoli-optics-co--ltd,sales@gaoligx.com,+86-27-87180058,"Wuhan Genuine gaoli Optics Co.,Ltd."
Exhibitor,"Wuhan Union Optic, Inc.",China,430075,Wuhan,,https://www.u-optic.com,Hall 3.0 - Stand 703,https://www.optatec-messe.de/en/Exhibitor-Index/82324-wuhan-union-optic--inc,sales@u-optic.com,+86 27 87531 505,Optical components
Exhibitor,WUHAN.OPTICS VALLEY OF CHINA,China,430075,WUHAN,,https://www.wehdz.gov.cn,Hall 3.0 - Stand 418,https://www.optatec-messe.de/en/Exhibitor-Index/100270-wuhan-optics-valley-of-china,lxm66@vip.163.com,+86 2767 880027,WUHAN.OPTICS VALLEY OF CHINA
Exhibitor,XONOX Technology GmbH,Germany,35625,Hüttenberg,,https://www.xonox-tec.com,Hall 3.0 - Stand 328,https://www.optatec-messe.de/en/Exhibitor-Index/80842-xonox-technology-gmbh,info@xonox-tec.com,+49 6441 96364 -0,"Manufacturing systems, Optical components, Optomechanics / optoelectronics"
Exhibitor,YOFC Quartz Technology (Wuhan) Company Limite,China,430073,Wuhan,,https://www.quartecs.com/,Hall 3.0 - Stand 611,https://www.optatec-messe.de/en/Exhibitor-Index/100180-yofc-quartz-technology-%2528wuhan%2529-company-limite,efang@yofc.com,13995659680,YOFC Quartz Technology (Wuhan) Company Limite
Exhibitor,Zeeko Limited,United Kingdom,LE67 3FW,Coallville,,https://www.zeeko.co.uk,Hall 3.0 - Stand 143,https://www.optatec-messe.de/en/Exhibitor-Index/54856-zeeko-limited,sales@zeeko.co.uk,+44 1530 815832,"Manufacturing systems, Optical components"
Exhibitor,Zhengzhou Yueneng Optoelectronic Technology,China,450000,ZHENGZHOU,,https://,Hall 3.0 - Stand 120,https://www.optatec-messe.de/en/Exhibitor-Index/100264-zhengzhou-yueneng-optoelectronic-technology,13290965778@163.COM,+86 138 10507330,"Zhengzhou Yueneng Optoelectronic Technology Co.,Ltd."
Exhibitor,"Zhongshan Jiejun Optical Tooling Co.,Ltd.",China,528463,Zhongshan,,https://www.jiejunworld.com,Hall 3.0 - Stand 203,https://www.optatec-messe.de/en/Exhibitor-Index/87346-zhongshan-jiejun-optical-tooling-co--ltd,zhaochong@ciec.com.cn,0760-23386888,"Zhongshan Jiejun Optical Tooling Co.,Ltd."
